﻿<WindowsServiceDetails>
  <Environment Name="Dev">
    <ServiceDetails ServerName="win-vs-sql" ServiceName="aspnet_state" />
    <ServiceDetails ServerName="win-vs-sql" ServiceName="AppXSvc" />
    <ServiceDetails ServerName="win-vs-sql" ServiceName="AppMgmt" />
  </Environment>
  <Environment Name="SIT">
    <ServiceDetails ServerName="win-vs-sql" ServiceName="aspnet_state" />
    <ServiceDetails ServerName="win-vs-sql" ServiceName="AppXSvc" />
    <ServiceDetails ServerName="win-vs-sql" ServiceName="AppMgmt" />
  </Environment>
  <Environment Name="TRN">
    <ServiceDetails ServerName="win-vs-sql" ServiceName="aspnet_state" />
    <ServiceDetails ServerName="win-vs-sql" ServiceName="AppXSvc" />
    <ServiceDetails ServerName="win-vs-sql" ServiceName="AppMgmt" />
  </Environment>
  <Environment Name="PRE">
    <ServiceDetails ServerName="win-vs-sql" ServiceName="aspnet_state" />
    <ServiceDetails ServerName="win-vs-sql" ServiceName="AppXSvc" />
    <ServiceDetails ServerName="win-vs-sql" ServiceName="AppMgmt" />
  </Environment>
  <Environment Name="PRD">
    <ServiceDetails ServerName="win-vs-sql" ServiceName="aspnet_state" />
    <ServiceDetails ServerName="win-vs-sql" ServiceName="AppXSvc" />
    <ServiceDetails ServerName="win-vs-sql" ServiceName="AppMgmt" />
  </Environment>
  <Environment Name="DMG">
    <ServiceDetails ServerName="win-vs-sql" ServiceName="aspnet_state" />
    <ServiceDetails ServerName="win-vs-sql" ServiceName="AppXSvc" />
    <ServiceDetails ServerName="win-vs-sql" ServiceName="AppMgmt" />
  </Environment>
</WindowsServiceDetails>

